"Station","Sector","within_sector_sim","between_sector_sim"
"AFE5","AFE",0.894984677868149,0.343006787416502
"AFE7","AFE",0.894984677868149,0.268691490173251
"ZE1","ZE",0.753486463279278,0.390876555023758
"ZE2","ZE",0.76059034370096,0.414216932894731
"ZE3","ZE",0.585689124680755,0.112453928466142
